x0,x1,x2,x3,x4,y
-0.09218171622768623,0.6770107196749567,0.0164598914142422,0.40693669171464525,-1.119025696559295,0
0.5525532583079122,0.7581461762999816,-0.7820891142137644,0.37480929575804894,-0.2799781429276066,0
0.7584661088873492,1.5257208300045255,-0.6485362532345094,-0.3312194530371143,-1.1391650331651615,0
0.07599673662077515,1.1989870986343643,-1.352578688309136,-1.4863764435498767,-0.2909235781065484,0
-1.3429222396032805,-1.8953386217616923,0.9264365854850724,-1.6568129235321267,1.1554982480109122,1
0.01627941525203634,-0.8345700111192171,0.1807950905377829,0.8928562499648413,0.9151333697961945,1
-0.2938949356101843,0.4053176311149168,-0.10061671887012288,-0.29395092833259695,-0.18957976851679,0
0.8713615652096213,0.5131825114433319,-0.8871227263855562,-0.7327075865847981,0.14137954110945972,0
-0.4160529137850097,-0.5579888984526261,1.3737316186921984,0.7693202674069116,0.9677608836495152,1
-0.5158878867597277,-2.70810681298448,0.2253361765742262,-1.5599841155686345,0.6034198266057973,1
-0.2668053973577108,-0.6387491840449209,0.4723336405293625,0.17244369991267178,0.5931509616054169,1
1.1064399283882695,1.1142283366168142,-0.6414043481321289,-1.1188525436091301,0.8914200232483206,0
0.8229965979354682,-1.4835058371715393,0.8281526410936926,0.034230707140891686,0.8264652784065052,1
-0.004233044227656989,0.2967230012746634,2.172230247167494,0.3387191425475334,-0.290620643211473,1
-0.4191382506449267,-0.9020984761066307,-0.7719505198937138,0.4569764051524065,0.7589571148660975,1
-1.1921387591309784,-0.7539752559488776,0.5703879150193932,-0.0037320852109086807,1.2770747723364795,1
-1.2916384797385239,0.2609288979656234,-0.06736916391488365,1.843896321489648,-0.4714807774679532,0
0.7758775846392504,-0.21862441738671456,-0.5593459648585494,-1.8390211912384415,-0.8380336328384907,0
-0.41856505063176774,-0.1690103879323808,1.4193282241834613,0.8111969503668323,1.456838977385775,1
-0.5051470275355823,-1.7318243215721056,0.7568758075659249,0.992617769279578,1.0612384391649252,1
-0.5800560093906674,-1.4921950256125074,0.3264532342001488,-0.31751855659559763,1.4929560909558341,1
-2.787997248816343,-0.4008583414340614,0.031077969119194273,1.5085215559339429,0.19434865890466355,0
-1.2886652744541074,-2.015310827218639,-0.15351179302690987,-1.8211992232911016,0.21326370122736696,1
-0.4083058922941948,0.3805232723183193,-1.3298302346017377,1.2504891186103408,0.8507921837860993,0
-0.6168873978400753,0.7537522146595818,-1.0305647652263996,0.016204503676510475,-0.6333284949590775,0
1.2765016048396776,-1.1667418924178,0.31912497832070397,0.472056866241323,0.6792173704361847,1
-0.25650231580938887,-0.7340066862669585,0.731785300806199,-0.2309802247285247,1.058234988442263,1
0.0940220966191934,0.2818968550323621,0.133746664684067,-0.8780675050109625,-0.31510812896370977,0
-0.8898942388908759,-1.5784884843012017,-0.8837052229857365,0.8625182392924152,1.5200945271609752,1
0.044682550572767314,-0.05633390978927097,-0.09729906666117137,-1.1514641672351282,-0.8648851876135693,1
1.651284815283606,-0.12051871513976027,-0.03497716521507231,0.3445516106294759,-0.2838724799462122,1
0.2913043649756119,-0.7167794881837525,1.243436560325181,-0.4539935515270693,-0.2970257876607035,1
-0.8118762109264532,-0.0003780137219935214,-0.7034322492250328,1.1984115968355975,-1.5645499235057931,0
0.24597143089397083,-0.24080604075056786,-0.9226129083611758,1.7439299978210991,0.2191676942492281,0
-0.5001130986251727,1.0179311208700421,-0.3178509930841647,1.1241815580518404,-0.24948458742547985,0
-1.3457429861179349,-0.8450540769113533,1.4337315302965545,0.6803932158124453,1.8951335752589213,1
0.26360159890164114,0.6322699061879429,0.24738133879250296,-0.05358342972593627,-0.46821282878088855,0
0.272229771902658,1.392979838153152,0.22718877179611902,-0.9416794130630775,-0.7723966502931949,0
0.5286698425531786,-0.4240723383162456,-0.690156487707863,-1.2116633824335228,-1.376155068337089,0
-0.6048795033215185,-1.0829367660239315,1.5817964140493004,-0.21743110585305517,0.5975833989868167,1
1.6679018168300626,0.6739117252251858,-1.194779270413897,1.2576888950409186,-0.5628237648914485,0
-0.4768115518789903,1.0245493100271228,0.39747019703907094,0.9737013921481951,0.711954443045052,0
-0.13562070597710774,0.60530612744791,0.4576679052621095,0.07086662148229884,-0.07974480264509996,0
2.684942011702053,-0.0635057375881689,-0.8354733404824113,-1.3032412193286877,-2.2371277412414767,0
-2.456518342486092,-0.9452191345119418,-0.2748629565594227,-0.5604555487822122,1.727555715611067,1
-0.47501305076393113,-2.009226216927721,-1.7835264222805878,-1.9332405168782596,0.22549719357551753,1
0.5992593842292108,-2.3172760346688124,-0.7637720783432805,-0.4489619188517598,-0.8423830901302236,1
0.8966798149732511,-1.4988089526027724,0.022807070318076536,-0.13437843996963755,0.2826554371975178,1
-0.574097152803252,0.6104863996602937,-0.11902581063028873,-0.38558456886132636,-0.18944350588909378,0
0.21165236072352164,0.6131165005135216,0.9789466833255088,0.9144992768515812,0.7170847455896318,1
-0.31610457430557565,0.01755004769189234,-0.5023827431132039,2.4330598144741926,-1.2998299127803397,0
1.7874794830318732,1.6130237664555467,-0.8098720041978431,0.8136347785326423,-0.8429443204640542,0
0.12347031174294384,1.183939105990113,1.854334082938602,0.7215458506003273,0.5075713300232245,1
-0.8379453625331709,-1.228202331257251,-0.6557832936215188,0.165891907217804,1.5281905366143367,1
0.4737646786689978,-0.9595850987696253,-0.900276502749462,0.9256476088156212,0.5092161641646704,1
-1.2896267245213493,-0.14703077255410318,-2.2153749815466135,-0.04143532271642436,0.36339712947711345,0
-1.1316931546076197,-1.9864853527874198,-0.16668814041936578,0.4260803000051855,2.4414077064789543,1
-0.321811121914598,0.0722178590725747,0.502021072447469,-1.4623260963852673,0.6349086310133689,1
0.7380145655636838,1.044571509822553,-1.2439663841127853,-1.0828456827699622,0.6045924703904096,0
0.7493318301807427,-0.43057353835730683,0.837098239902349,-1.2324382832324947,0.15374630760500232,1
-0.6220326607445583,-1.782878781653369,0.37621243542927907,0.30022733383675665,0.24699160807906798,1
-0.454656002500765,-2.4298988795993415,-0.5116356934310743,-1.4097141950054495,0.10480887889839544,1
0.12594682207914087,0.2950473576511682,1.4683242022525655,-0.7595373393361228,-0.6603766896350801,1
-0.28903522010123167,0.6518094736732375,-0.711653138393523,-0.7270181451853029,0.4404936431909867,0
-1.3003491625382835,-1.7174959133775511,0.5666225196499527,-1.498477503413283,0.8121366356968538,1
0.6110721653532128,0.5955916315733651,2.492085665533621,0.7439143422461897,-0.36058297512010773,1
0.3213548192453322,0.20647298931141816,0.289267461720851,-0.5413327229529898,-1.9445971239859068,0
1.6626890463997464,-1.3321400417049705,0.0785124044983337,1.7292718452097837,0.4674461652214818,1
1.1362369482914396,0.5551152278559648,2.575310650113372,1.2104281560156636,-0.5327330833890986,1
-0.5324743040666186,0.6592916108225872,-0.5643005109265987,1.1704742367437844,-0.309763718840875,0
0.14134981570097024,-0.48076522932546595,1.4460364057641741,0.26211817860279796,1.0098006750281334,1
0.48385167733981954,0.7268602776011941,-1.2127841950847216,-1.9926283153061817,0.0009935785097634332,0
-0.43834394623724465,0.5049696993483133,-1.144158017990737,0.3722024799123449,-0.056457072538051205,0
0.3542913199392219,1.1479750502454642,-0.32735879547644037,-1.3299756154080997,-0.13290044436644896,0
-0.753394219786176,-1.2851034396856806,0.08724312302330324,-1.6165559919995882,0.1992788164165504,1
-0.8347444809833049,0.7146068169316582,-0.035124598972803706,1.6703908100784064,-0.4493739974014506,0
-1.6910734193449335,0.7711344856538427,-0.4367998207567453,1.225117413600258,-0.740703635893542,0
0.6777275882578865,-1.1573198266711224,0.03914900027400755,-1.6789266126621893,-0.14369674541611685,1
-1.349572840849214,-1.3225398260706394,1.0162703968156643,0.6416029699386783,1.5539668286369224,1
2.5790748580679255,-0.08915368057180044,-1.6985698328859316,-1.794104659021875,-1.3484153634242348,0
-0.05076801442787066,0.6119756213782366,-0.5597122002269954,0.1722946706008472,-2.103616940164163,0
0.08065737744576483,-0.4943238482879731,0.2818009600913713,-0.4998824384831319,0.19311570507690526,1
-0.9852916250002635,-1.980013631848785,-0.6235555393711876,1.07328654386448,1.94315479866348,1
0.9573287521852224,0.6343759000933362,-2.378440905032606,-1.8672113189913684,0.20776060851272365,0
-0.41729487763804823,-1.4475679738032479,0.06132040835256081,-2.143172056016854,0.466434249232566,1
-0.9444064468136758,-1.4794807343047411,0.9148604724162992,-1.6345884347704256,0.6707573738960478,1
2.1916399740385337,1.1008567684747568,-1.6592143836614577,-1.4856837850812552,-0.7298978237274482,0
0.9973161465967483,0.14076222590654117,1.5283485795218936,-0.33603328535013804,-0.756345517175538,1
1.0242959000828478,1.295295855348854,-1.7884248898938417,-1.325806291855214,0.2722933992707528,0
-1.0044881316919407,-0.4021915564874064,0.4829386762679608,-0.6802293356493422,-2.3885672783154126,0
0.581734262925021,0.995530350215596,-0.9516832771721223,-1.1857235657903087,-0.7508228370284041,0
-0.7982005872489901,-0.17070710910346396,-0.8125091694451528,0.1435526408270719,-0.5141407866768475,0
0.7431866327225612,-0.4215307446019035,1.757730571795533,-0.04187815200065915,0.4884760365353455,1
0.6814097370877286,0.6873935343286676,0.3582758308775695,-0.504011549277977,1.1962821666428372,1
-0.13220358222481438,0.14479070798923008,2.5112075763777906,0.16211639894871596,-0.2713002672187823,1
-0.45175987355439096,-1.9709037389209327,0.3079509197973768,0.35212526904609465,1.8945859441521495,1
0.7893594380825923,-0.23564550196527806,-0.8564966161959435,-0.9150971040474306,0.03806747641169236,0
-1.8335742202273115,-0.1947133867588968,0.17006177977466197,1.390498971618613,-1.557106884689959,0
2.0095725865819807,1.3506532636542812,-0.6252741383137923,-1.9847744206815594,-0.09298022002996188,0
0.4361390684837564,0.3525930876200462,-1.4484702882481735,1.17527400110554,-1.822783283215687,0
0.08595734179767534,-0.8382988326205626,0.2614179106170062,0.21847995346609367,1.0342494009823502,1
0.40407127270642723,0.5959036624939203,-0.2971999880551954,0.2382391005537187,-1.0133372809275725,0
2.9082406592782206,0.7244422491506646,-0.7064954406098901,0.014615958177065944,0.0840362117099965,0
0.24148066473984622,-0.3791974466920918,0.8817736916168221,-0.5093832395425023,0.3169260592814305,1
-1.0637428547078447,0.7680307827428946,-1.1379139260390128,0.8566250443960765,1.6705501348484182,0
1.195176297484949,0.7580347278271511,-1.5848303390828626,0.1461942007780726,-0.6884418374829374,0
0.6177484050196445,-1.5633258976712399,1.2424772204807448,0.7394372455308249,0.292002653130432,1
0.17890473675806534,-0.755236384952103,2.317644312806939,0.5644868785689433,0.022319416675469946,1
0.8063006871120646,1.223601119989404,2.0797210455305186,-0.9987407162194422,-0.5093024808263671,1
1.2289695876932225,0.6184983371246024,-0.8008219286556759,0.25406084132308515,0.48594477779354833,0
-1.6068027980161368,0.7168776989383975,0.8161549568267985,-0.4702455437771259,-1.0071672063850905,0
0.5577435462203177,1.053444737360293,-0.4744278787450221,-0.056832471622436855,-0.9248306017867007,0
-0.23400128375629395,-0.511976867704476,-1.098853127978264,0.8779860929734056,-1.0444896003319044,0
-0.5131490534025059,-0.06805915426489224,0.5881968381617723,-0.6577147286103261,0.9446437973272027,1
-0.9525182376220047,1.2080214409830763,-0.6490278574872346,1.074699100480332,-0.4084051334205984,0
-0.40809713665696473,-1.7020085516684675,0.2864202181624643,-0.6029059775165997,1.1869989167222177,1
-0.03639978456275074,0.8016265655451169,-0.3158982170417685,0.4987182541078366,-1.4172818782898104,0
0.10977141418479648,-0.6580579584134749,-0.20408826836352975,-0.47211004630804443,0.4054854793031219,1
-0.5408763567371102,-0.3781366146652157,0.5739586187338197,0.6352142567385782,0.3078599988180422,1
-0.06281864224558475,-0.691729509129062,0.10803195005438601,0.9439721621454988,1.2246830675651816,1
-1.472778421140767,-2.000866064374671,0.11505518433408277,0.03274968884759006,1.3281490001930574,1
0.5476649903471632,0.1745719013926586,1.8356700063318996,0.04366122823595389,0.019967068202386796,1
0.4330191079528231,-1.5962842690569126,-0.48358070697687805,0.02751082900400566,0.9274691365380662,1
1.1542127273947662,1.7661334062451761,-0.02120357173514132,1.2770821218449604,-0.6039735339197979,0
-1.504633829434239,0.5691607138453894,-0.011420076725457877,0.8017337640855882,0.749402604714854,0
1.7292989962779184,0.13206876628311912,0.027771643625071375,0.5827345559925552,-0.331401888954165,1
0.9844451764847885,0.2319712662413352,-1.622817877249013,0.22366809967779688,-0.5489313988461553,0
-1.2553455276507322,1.251312058033532,-1.6305234135523836,0.8560656041284013,1.039232447604531,0
-0.27302541112632284,-0.0826299570734406,-0.7997604231670657,-0.1386962347966496,-1.399770951612606,0
-0.0003576877820238691,0.4098566123182564,0.06439561713364769,0.29999510356286246,1.6417416876845643,1
0.39386343215686737,0.1541275655415129,-0.9752235036613525,-1.2178293808779728,-0.44964046342010006,0
-1.0823770889404678,0.32167965899112816,-0.41625907219377706,-0.9976158562341563,-0.7027475055770146,0
-0.9451605318791021,-0.5006170762766958,0.3533465064178928,-0.017970174907017068,1.5280507263411403,1
0.05511775865811155,-0.2998298288739288,-0.7822025745761746,0.3605430221927116,0.6252509927067288,1
-1.7072672183524233,1.0994523470086135,0.19077327019956486,-1.331154901066113,-0.33732266364927815,0
0.2638159994096249,0.21361253126843494,-0.20377157868612936,-0.34930641167869414,-2.1885749349197483,0
-0.3015032148522154,-0.8497451261162202,-0.5161856652730924,0.7343376370220334,-2.343647591355258,0
-0.8270799043528797,-2.217235302166163,-1.1482432084640042,-1.915242586010773,0.13931206267297072,1
-0.9776236653768542,0.21551955712728335,-0.1942058487509438,-0.3704631336494702,-0.5573530836991181,0
-0.6797614977844166,-0.79423306921522,-2.241199624902216,0.7013212255364584,0.11617854658042097,0
2.3563086982144053,0.5708574938267844,-1.1414373079407059,-0.461757851485506,-1.5257214344160883,0
-0.6211793176050475,0.603551565266882,2.0005299153080767,2.253818414119927,1.1687493064717485,1
1.601992176954354,-1.2452793967920928,-0.7654542063243445,0.4731827826286287,-0.14470849941097158,1
0.6053046117457156,-0.16844302680584342,0.440275539131194,0.7771824687764493,0.09641037548192442,1
1.5222395532574897,1.0685585807362243,-0.5410340759577159,-0.7271798915481175,-0.9664988418366048,0
0.3668422881636393,0.6075643792735768,-1.0983611585788682,-0.07217661651088407,-0.12013889752897486,0
-0.8464615942807937,0.7854881512399144,-0.9864140550964787,-0.6702348121742782,1.656940583414201,0
-0.7325304427411905,-1.10690885368069,-1.6074882786892817,-0.7516806679501448,-1.4347449692582033,0
-1.034304624012498,-1.6033034879043044,-0.19976716442247122,-1.1347374470481841,1.2280178387535599,1
-0.46224715235565444,-0.5896874641206726,-0.1612226438894495,0.7282084099455686,-1.6433241338013105,0
-1.2971640017735815,-0.2935082103254356,1.1868164362669218,-0.9448466518473715,0.6186383253876839,1
-0.6876259488771577,0.48400124237456826,-0.8104416307682089,0.5903180869546658,-0.09757889926247534,0
0.10360977374269602,0.10184121335674697,0.4249278570270585,0.7153259515429568,-1.046364294322473,0
0.8709540284212769,0.35443789141812954,0.8563017855185326,-0.5837423489690962,-0.12011341175353255,1
0.8643141244808097,1.3436259113696813,0.13120199058936055,-0.36311176541578644,-0.5813178015782511,0
0.3223831334728951,-1.6620445967500521,-1.6091565476036584,-0.5231830410599626,1.010537666129241,1
1.1035635954328487,0.41685791015908225,1.5861353737146378,0.9104842789341867,0.4540856572686699,1
0.5467202464557173,0.4707395760968372,-0.6789983043123777,0.4155133282325265,-1.4022272055164848,0
0.6446822733127872,0.3083378867194826,2.250980474441795,1.0363097465802453,0.9262368154429865,1
-0.6342459856323018,0.5536681886015511,-1.4936761277126553,0.6947623878492276,0.4852732263656267,0
-0.12724462181942314,-0.9929370009194008,2.0360990974322433,1.8019773117055684,0.9169139032913327,1
1.2037724687224953,-1.9706609016752685,-0.09174461646625437,0.07373082924155913,-0.33497185759701187,1
-0.2812569834829328,0.07935102555968243,-0.9152640687202331,0.8313882315650524,-0.538513120984276,0
1.5764403093672499,0.401579896181708,0.8039681117169118,0.45609397933510515,-0.5110339128101038,1
-0.13140908017551972,1.310282579502775,1.6929430267365055,0.18533072632983397,0.4839530931543336,1
1.1553087151415327,0.6924177763984153,1.8723176808454587,0.8107469412217952,-0.2150999274574763,1
-0.026919690590151178,0.4553082848170492,1.0572180366298356,1.4670369641508672,1.4744013750617389,1
1.2215237510039558,0.7320868571465343,0.6731127553136577,1.0571106185512167,-0.6274047668671285,0
1.9478621966958545,0.23618774426602981,-1.126121171894231,-0.9677382893690115,-1.2453001731729323,0
0.3833791866072212,0.8524094572710791,-0.43967259284331384,0.4570721158735848,-1.271089602716337,0
0.360808841721384,0.596122750107496,-0.6970281850686346,0.09035525430562708,-0.4770691210415343,0
-0.36446247323624725,0.362342745186592,1.8955569439523918,0.9233369289973844,1.2648352195542807,1
1.191129380944335,-0.6025357535600435,0.2251705449389401,-0.6265695184509009,-0.9588911327965974,1
-0.4063109974979747,1.2797234566146851,-1.129040595716007,-1.0141309160214373,0.08062616296126773,0
-0.19532075616015956,-0.3551354416895125,-1.3230641995832428,0.23815919533598232,-2.233562144674377,0
-1.2738207081668502,0.6130209290469144,0.5624749543439183,1.1913182601924548,-0.9554752641117686,0
0.8696988557003591,-0.7965013694954789,0.3373600448331727,-0.38383195573741724,-0.12297356373705025,1
1.2416879726689134,0.5692141498307086,0.10733554353402433,-0.3547247268278322,-0.5026043339690496,1
-0.3447252304610121,-0.798910781871093,0.06083167094625431,-0.9137873726215816,0.6303536981185633,1
-0.09638978955343225,1.329052774731539,-0.3407203769117106,1.4050972383967892,-0.22539997740740075,0
1.451057356621385,-0.9275379081271352,-0.6449164507630119,-1.1260877752621168,0.32259605474257014,1
1.715711311013517,1.3792959616516816,2.292928655490333,0.13774815272494656,-0.9496357701961129,1
0.31014103962782835,0.055163368634978144,-1.1626748503539421,-0.6603821773644647,-1.7837925792627491,0
-0.49984329162409413,0.705583626716665,-0.43919004393016586,-0.4449827918236403,-0.562339193778214,0
1.2897755606765133,1.7316898599680544,-0.19467592101327946,0.6770921790363404,-1.456186081355976,0
-0.5561168349931085,-0.23718677920833559,0.19128489640071797,-1.4605730222591498,0.7021599681172596,1
-0.9653768712296901,-1.539620112506556,0.9000167871350797,0.1910185302058723,0.9569348708802522,1
1.3285880972914048,0.2137001857124113,-0.612084308013264,-0.9890677289205603,-1.7591582483011243,0
0.33547714776375837,-0.6360376118560013,-1.0612930906182514,-0.20346250269094995,-0.7356922926449643,0
0.9601940509004078,-0.7506274115212224,-0.2302562223833079,0.5064883893290781,0.7747411389900611,1
0.20571713608592032,-0.45383642224992576,1.0118991173700063,0.34298547768756565,0.4269328272720347,1
-0.9947656064521664,1.2934788597281635,-0.5824029175440534,1.0066607150603004,0.5781714779064409,0
-1.5401881939016695,0.23317005033435217,2.6261801783695136,-0.3753941409625829,1.9342990369251607,1
0.637750064938342,0.5132176959925596,1.4179506626377585,2.9649685667094516,1.5843620885039817,1
0.46025647443179374,-0.42346514236081806,0.24703783469123844,0.004048674879071564,0.3742754172640488,1
0.3742904986414278,-1.3181600249159968,0.5013820692119543,0.6390397301792236,0.9754759138013751,1
1.5763929984626526,0.3829606057271086,-0.7972075050855715,2.0271197372625602,-1.1239913479311834,0
-0.7079202907630862,-0.009693802881596505,1.495714510422982,-1.1908356417820387,0.5181631722696917,1
0.7793234192530596,-2.1798106393620267,-0.5096064996103393,-1.120951611081769,-0.6641488185283144,1
1.2715046955829234,-0.6476502026812194,1.416357879072146,1.2342996932426462,-0.46787816774891616,1
-0.4405571505880828,0.5521429677476074,-0.012287695482515277,-0.32449785807108517,-0.6216863425863342,0
-0.2472555620136853,0.9901263337606814,-1.8584070841027063,-0.03657322903991661,0.5097724781909511,0
1.8454536581873187,0.9670193105182577,0.26718173629904113,-0.6442843807623303,-0.16396929269133123,0
-1.5422361730606056,0.24286548183995457,-0.8103834457312609,0.23379437002789757,0.4502773771068816,0
-0.7711120924521072,0.907554737168754,2.499707740807827,0.7632073245073019,0.8589946685787822,1
0.15349179166972204,-0.22756565687244856,-0.06910037725655832,-0.7735433150650144,-0.0015652778514681869,1
1.0251431059591651,0.5587810852936993,0.47555417591494054,1.5736775456546603,-0.5465516046975282,0
1.4323214597602878,1.5399954322683131,-0.34558605545606047,-1.3010251517984395,0.6113666658264301,0
-0.49634386355724386,0.4736845809487301,-0.8603208682781541,1.0103553497273046,-0.8327052637226968,0
0.9476173904733615,1.2397075589391562,-1.7948489447786562,-1.2492910183426624,0.21663794866940886,0
-1.5612802071274698,0.9534370802487988,0.0849835974043197,1.5006897140992026,0.4843836827548184,0
-0.7366261604864472,0.5325353998582082,-0.8377840505228462,-1.5546337068399516,0.5136362777029122,0
0.5172038157840382,1.900243382670602,-0.28818103089160346,-1.148997981338677,0.08733330152765682,0
-0.8467560721545826,0.2885323876361055,-0.28654516505098226,0.8612573687386793,-1.4738855069696142,0
0.8795221648384621,0.37407247191085097,-1.5543294664753589,-0.8277360216629581,-1.0912959054664366,0
0.09420750145897022,0.9880896909614637,-1.1036123915134788,-1.095508443444988,-0.4138104706779581,0
-0.7813050248272635,-0.6185588006624314,1.4260523180749765,-0.016507607238177437,0.24523908301694752,1
1.1103169531169594,0.013236343831897385,0.17020298412752416,-0.26802795265962437,-0.43483248616885267,1
0.40721606049919373,0.13889801698619247,1.0308119987628832,0.5636529922563954,-0.24544464561902885,1
0.15352474007048886,0.5259069164365778,-1.458302256523474,-0.18599835757572947,-1.1776609036314538,0
1.1379586105958779,-1.2784664102752568,-0.05710592389608326,0.2455078941528258,-0.09855063148000993,1
1.7444283772267428,1.0119030038117138,2.1363398362160684,1.8686343400061125,-0.3233785766233002,1
-0.29202787725116314,0.019180000413850797,-2.125408481303828,-1.2293457478662522,-0.272980992790913,0
-0.9867285226226628,-1.0349993933263806,2.24398440377655,-0.47566965184989696,1.2599763031205142,1
-0.22115137116455152,-0.022786027609847773,-1.545055153194646,0.03381867912085411,-0.39481160672977883,0
0.47444655900713784,-0.1945933585654537,0.04201280364611802,-0.09705063389105492,0.488452614031671,1
0.08772377689346088,0.11163135325231748,0.1881015843892946,1.2060687549603075,-1.7201099087232106,0
-1.1314588099119414,-1.4330748335429424,-0.6710343748205386,-0.48735595100468393,1.1332565441588989,1
0.14682666458089716,0.6847819428898827,-0.9060061037473892,0.13078333391184715,-1.1810304122367477,0
-1.1324673380223784,0.5419601537318833,-0.47562962413461973,-1.3817726109471087,-0.06929751706508017,0
-0.6061052371121722,0.599653361781143,-0.2788550046524554,-1.1520389034039378,-0.6053129970432481,0
0.4143093700131383,0.49403043043732825,-0.648555821119616,-0.762451213855664,-1.1334494825670074,0
-0.9680968941436285,-1.5916251144713496,0.3447628911298312,1.0611143950019761,1.404813099206562,1
0.028520365983434135,-0.9385074850094389,0.0060103192976243185,-0.00986787787522259,1.032315505107812,1
-0.6328748613200642,0.26621137862253746,0.06083487214811438,2.5348091121753225,0.025387615839689844,0
-0.034526632435150716,-0.6806938921027564,0.44423612124896406,0.3016005604952204,0.7869141412648376,1
0.35796599687186725,0.2690674318731201,1.8340243285732545,0.7974891867145409,-0.5538670757219962,1
0.16606364363219828,0.5891694227326157,-1.1700095574183593,-0.09741849200519867,-0.5033006361027238,0
0.7500092599951099,1.1956867913811629,-0.5304366093853536,-1.2873614673730074,0.4471025820289681,0
0.00043281395162769894,1.622489723668912,0.3870002747830301,1.4441162739821816,0.4122944247089006,0
0.30856934478447595,0.4551562918964678,-2.297664484480737,-0.6262642542129894,0.11783914251552913,0
-3.161277927130589,0.9436686246215233,1.260937316952874,-0.7274048218963299,-0.03188710137463762,0
-0.13766401449452842,0.42834194186559166,1.3891525667896099,0.20013087483643277,0.19466451089981965,1
-0.11096765093133336,1.0611381660125823,1.6587426406691748,1.4859828237306811,0.5493449644211865,1
-0.6150783522262135,-0.4093105625722913,-0.8477188379715777,0.4172954484733783,-0.48081560721184785,0
-1.270466233990462,-1.7142920783968094,-0.15761471470736368,-1.019994322289155,0.614358820356347,1
0.4354315486694822,-0.07425397278816435,-1.2368049231886502,0.4892081926103528,-0.9042112288525672,0
0.0474607474539336,-0.37294065570136054,-0.6220801649976541,0.23802539406722334,-1.8815846870648143,0
0.6413107296910683,1.4862713590405354,0.03321406468755937,1.122702926065262,0.6102461662413015,0
-0.8239662689296653,-0.7386803619025849,1.0645132250158487,-0.21307147523107903,0.39959071900122056,1
1.115069339980591,1.9426683498572794,0.5395229198429158,-1.3606078984905985,-0.610734318982671,0
0.956395849303456,0.34944471022586915,-0.9537313114418762,-1.5981433660772357,-2.0724196218766937,0
0.9773308120658495,-0.23186503938805517,-0.634558555783556,0.007155894754338723,-0.875870285486842,0
-1.3710474757283975,0.4822720795051546,-1.103592706190636,-0.533394109972784,1.1040895044608718,0
1.1535484720873668,1.017219776431492,0.029615722584330276,0.2506375785274151,-1.2579606862204473,0
-0.06297333587594313,-0.9783611283209099,0.3371568175454086,-1.38072453248293,-0.44103995353011843,1
-0.02822003325414338,-2.2939389143206967,0.09078848798433227,0.3295816054479401,1.929905179165482,1
1.908052489173254,-0.36246471414888265,0.5422030523165567,0.16436023623867563,-0.8016311363223008,1
-1.2271230542015812,0.9839908767275359,-0.8695783986287521,-0.6601282645086078,-1.0347066056282492,0
-0.6275182813898952,-0.31311016310453865,-0.21100532421196605,0.1462891623207884,1.064910170598508,1
-0.6632761125196887,-0.47351883562348035,1.111229917981153,0.9584368291378866,1.5013047423991777,1
-0.5417870958999893,0.8585770123343155,-0.46300934757668116,0.9773723246798226,-1.018605226729102,0
-0.7344099588859084,-0.8954043707469954,0.9224011445930477,0.1342039659435856,0.1755808777915054,1
0.9295414834099684,0.9886739470403945,-0.38746290545861606,-0.08953214584798207,0.1528299425240435,0
-0.14666142464486273,-1.365589073523821,0.30049597581047216,0.7940517013390104,1.084422237029971,1
0.7024711123496936,-1.1500038682708842,-1.1433402339931542,0.35754482848557934,0.7797796961471182,1
-0.3541970335137221,0.4150350996698121,0.8708657062060753,0.4670960678839034,-0.9453120353519097,0
2.106943361833458,0.02961645611113663,0.2714326301805215,-0.32193004482049736,-0.45255967332706937,1
-0.6550001427017419,-1.4903140419194583,0.44787104513425946,-1.6969238194147158,1.050492152995375,1
-1.0533353944415216,0.8497987492840734,-0.1577479660728404,0.7051134307200965,-1.5354397273141684,0
1.4350409529466899,-1.373358935021387,0.09742488153157668,1.056215514820262,0.4880643684805742,1
1.2796835332793182,-0.039327529921382616,-0.12120370084255508,-1.076728340450946,0.13132484726754176,1
0.8447428750705225,-1.0045746401171705,1.6004476279888227,0.16422704848502265,-0.45516319916145875,1
1.739249113372817,0.2822098859992395,-1.229482050178754,0.5810745023732564,-0.5271211995503264,0
-0.727395576938514,-0.018565872026112575,0.9199256524817939,0.8089667724677264,2.0037607950382266,1
-0.8405350689081493,-0.3767868477130619,0.6837713146647513,1.14624600600155,1.7563458007137098,1
-0.911687134515474,-0.970037209575663,0.8159902244634548,0.19369403427391532,1.5909606061116357,1
0.06623758122024052,0.42429022085722906,1.8634373794792254,2.648721293993157,2.309371053731166,1
-0.607658843490449,0.04393731526311404,1.721527636496955,2.362737381728364,1.305198944827837,1
2.332461363369854,1.146166505978269,-1.7724832912325,-0.877764773818187,-0.8529552860618307,0
1.0083136510519046,1.0788478329459392,-0.7538334426478115,2.0887736558500376,0.45236392702972866,0
-1.3561695188254785,-2.612919050261782,0.6519603567145533,-1.9904396250375513,0.03735837245529207,1
-0.11854496465960225,-0.15279126715016889,-1.5795132595692667,0.9017829478266572,-0.7894500003068612,0
-0.2079446697448443,-0.5970582344871772,-0.546399935159475,-1.3651074873941327,0.2645931292380279,1
0.39531267496896333,-1.5301576302429194,-0.2734020931444939,-0.5001735137197194,0.3461527522438521,1
2.564898007714933,0.7827294758991078,-0.10097431810970316,-0.4618508620411091,-1.9861884277757982,0
2.1891100555696275,0.5631239065509104,0.41151122226702236,-0.7968579076126097,-1.388163917352042,1
0.340379802793193,-0.10380054964075265,0.15448642991435482,-0.027328778320400197,0.5738767951532051,1
-0.1567217546521819,0.9973409585895753,-0.3833087153234084,1.1627246632084753,-0.5361572345427209,0
0.27529542544620794,0.4258233848391479,2.2527488073860265,0.4370218940199196,-0.1005159806420277,1
-1.0637732903875436,-1.198834942815088,0.6630161179383803,-0.004094315577577527,0.9127498261424802,1
1.324252300788356,0.3680277508896066,-0.7877723361952891,-0.30776202951719883,0.0996643641067727,0
-2.1585864037672486,0.4523243265012084,0.34537303493134164,0.17192071184482463,-1.407644697738071,0
-0.6018230269364829,-1.29751174558325,0.4012476636104127,-1.3082949668368853,1.0119771065015073,1
0.10701574051079253,1.722777601332877,0.38179685651858564,0.30271823683598875,-0.46330367752298646,0
-1.1124732384695286,0.5027222842366156,0.7894769585415027,-0.637071064575929,-0.9299011020970243,0
2.7187655897947094,0.8419734533047729,-0.7216388499610534,-0.23681053059244214,-0.8498264172951445,0
1.3203554459440698,0.46474816064093794,0.6862004065647475,-0.037523192682339536,-0.6980561141112304,1
0.154377041738097,-0.3002906693163672,-0.33909528218118845,0.27834430962040846,-2.136056931737524,0
-0.37618152430151236,-0.9671943722228925,0.40423571933635505,1.3292374453987619,0.56145482030004,1
-0.7119474768778223,-1.971385849566459,-0.5123748304747731,0.4114835132369902,1.246985568177359,1
-0.15367549330644253,0.22476105400610386,-1.8756909411274874,0.8079619109130355,0.055302997237938724,0
0.13832985014144297,-0.7358130490218789,0.7904930954126116,0.7366761913990132,1.172925495525503,1
-0.21394286068755763,-0.8462335592904212,0.6305766205608955,0.2054358637528681,0.11106641370116492,1
-1.3909571550871822,-0.3612682222636405,0.5835651117620438,0.8172210449632464,0.7599430314080933,1
-1.5870243018413348,-0.23808690485603803,-0.6823904685014648,-0.01891160824517624,-1.1408549184140082,0
-1.9211127320080998,-1.9334135311441913,0.4803119484531166,0.7107808972585505,2.282739024568085,1
0.8505249042643261,0.6878057939787134,-0.21604658650287287,-0.24779140816381648,-1.4214565675021948,0
-0.37063871209350957,1.015490463652757,-0.6052459140059115,-0.011850548275980671,0.7557391404191758,0
0.12290555341482429,-0.9214910741143569,-0.911852178441067,-0.9944866638551382,0.5184197672183464,1
-0.4324287912381234,-0.2530379020511302,-0.35628876725271297,1.398089731131268,-1.4519236655802596,0
0.3117233367253446,-0.19414006800806072,0.38788483026454773,-0.8204416405658486,0.1563952492477265,1
0.6189998490257795,-0.023059813763647463,-0.7227449719298952,0.9965235311171969,-1.539230111899225,0
-0.02599221443213086,0.6511956542140995,0.03892167584843874,-0.7056530085089225,-0.5165134731478497,0
-0.5247193077623045,0.305200940467322,-0.48927819382899546,-1.0961784650202109,-1.5469040236933012,0
1.1493374457952943,0.9702861480559067,-0.7414607348428661,0.33769826815033704,-1.891394599674541,0
-0.5903148537593547,0.19107832783239118,1.3474641582244222,0.17871310020885792,0.6863667884939517,1
1.775538697568169,0.5182488328835544,0.7174221522786886,1.7637370051598564,-0.602465631158152,0
-0.09689382178489471,2.167159233378421,0.25111613145568984,0.09876887838908018,0.2609833873317146,0
-0.2685301508062284,0.4588234361481275,1.293642887385318,-0.7292626096892095,-0.46662570830223743,1
-1.5418417109831615,0.1346621340415308,-0.1709553629362391,0.21647688838994286,-1.078255102702308,0
0.6796614476871841,1.933276561452585,-1.1472842684557532,-0.746296079973119,2.005449628661488,0
-0.10743417173149399,-0.38090173053513127,0.2652854876679009,-0.40418249769320097,0.062254005136885074,1
-0.011396139773967555,0.8990059249298147,-0.3164066446431929,0.28713661252569556,0.22822832372318444,0
0.859495488839238,0.8896805542516827,1.5902624198606454,0.8349796118925342,0.31931736620771617,1
2.42153351433356,0.3442373297064282,0.926640881886469,-0.8622405083445366,-1.1388926585524937,1
0.1831996488392569,0.6039456976334974,0.3032536109221007,-0.8861714284817618,-0.307604286938652,0
0.4171885383578293,1.7230405377018543,0.7274777225592839,0.22646011919466796,-0.1805888492746716,0
0.7974507839103331,1.560200859966275,-0.4656969590976814,-0.9142532058899865,0.42741111410410787,0
-0.2017819694076752,1.7734095060677897,-0.330307737914727,0.5437843603446322,1.121798805239616,0
0.60740543784774,-0.7685161551170318,-0.1729473431179221,1.3695913091710763,0.1345474944727817,1
0.43932236780717154,0.9010371472936397,-0.9341760856001156,-0.45507096476067754,-0.3145324757674343,0
-1.216667810603747,-2.332961597278311,-0.3499134226347164,-1.435252990178047,1.2304648557495643,1
0.4510735815911146,0.15572227566014862,0.40363187695051994,0.06861347108224677,-0.6158447215009637,1
1.4434994851499667,0.665095733547759,-1.4253904859237043,-1.0341263514020398,-2.0489480665829816,0
1.8575891787928327,1.4969017727015863,-0.6255983077968447,-0.46018395455733,-1.777222446970924,0
-1.1874155808443168,-0.2200967879009896,0.11062405540678884,0.8100950243713548,2.2151097202499987,1
-0.7561306844353625,0.851668324618021,0.8729363698984005,-0.4254818200730084,-1.8523762572765585,0
1.184657769640821,0.9029896718584973,-0.8160814683853529,-0.6500298125063293,-1.8231302233117073,0
-1.4924355856025575,-1.3622282349855093,0.09149684437594363,1.2598313249008042,2.4863772761015,1
-0.5445721617100954,-1.335570623454529,0.8528863462096776,-1.2147287638905475,0.17915134372382857,1
-0.1393567798134254,-1.0783309196307829,-0.5664006129622462,0.1004306613263374,1.3591614800632796,1
-0.3981033957524591,1.2585691213074608,1.9912871120690454,1.7805073815015255,1.2360872775775862,1
2.5079771261135635,2.4247686197582503,1.3257659643000084,0.36301358367984365,-1.459509054683693,1
-0.8857584833424835,0.3601331198420823,0.010941571757996225,0.6238790366374011,-0.6219926066382915,0
-0.7589046773312224,-0.4083772047797689,1.513691557475614,-0.4219882752250402,0.5015197161860877,1
0.05095096534460339,-0.1632465307080298,-0.8553132811811601,-0.9413841313978105,-1.2360766807815404,0
-0.7266833742306582,0.8750174733671968,-0.10190298530757734,0.7830082754239682,0.40319179298908575,0
-0.37838899186005365,0.7718443341147222,1.253151803097974,1.3977359492983352,-1.34856500507793,0
0.01820213714436907,-0.236755742548849,0.11366624946066632,-1.3816504332088462,0.6001543075625634,1
-0.21222990376192707,-0.6232830306436632,1.2157977521104884,-0.05110862716190953,0.24984692119710608,1
-0.9671329654034203,-1.875719250633457,1.4916220947485088,0.7018790175723031,0.9097764424160656,1
-0.5163591113862898,-1.472598159533562,-1.0436831773730677,0.24802914401553097,1.6872900875079948,1
0.2930944044213707,-1.6502377342638737,-0.3180101460124825,-1.0615339289897983,0.7299453672823919,1
-1.430340013697451,-1.660637767867955,0.9201455953617491,0.09857077299965308,1.113383497675035,1
-2.803164619235897,-0.058798323765138605,0.30976981107996165,-1.0900606131181019,-1.2551890083772528,0
-1.8418743277899035,0.3717688983644823,0.7500571510401994,1.5181289441290549,-0.4067339691422887,0
-0.25788259896958105,-0.1459553110974651,-0.9794461922221706,1.846991173797645,0.3329785337682889,0
-0.851069897779605,-0.2931664270496324,-0.5381714399387764,-0.7258910762647123,-2.119104181504585,0
-0.4065034195097123,-1.2989164834090794,0.07819403359647953,-0.06140041212967386,0.09954136705862499,1
-0.5789673404021765,1.2583705141186634,1.6584068133790988,0.76441381441206,1.3170295089532813,1
-0.13026197364748368,0.4390705257366803,-1.2566652889557368,0.022460257138250207,0.6112959587051991,0
0.07665815873963706,-0.22077313226547715,0.43725266788729417,-1.0843002361660714,-0.5172938140539841,1
2.0785582248343712,-0.3626065156361415,0.4298317639087275,-2.7489293414727003,-1.7177145982270252,1
-0.21205877194685083,0.0785415732169839,0.21519485531420063,1.1116495775391875,2.00519387195584,1
-1.3744129136818255,0.41869659204485027,-1.3420040112869407,0.0722778377446855,-0.4441656941032617,0
0.6277657909885309,0.38559157194596333,-1.1160363598161427,0.6257558642809649,0.15629519682733856,0
-1.2608915868539063,-0.38283030126503886,0.4923913957218765,1.5175199210422885,2.2411854637046384,1
-0.1993314909749184,-1.9769818922527747,0.05006000936765739,0.15944845873630828,1.0849026694082096,1
0.18604330295261284,0.8463030031746981,-0.545159541787963,-0.7637926690040314,-1.1100821972863246,0
-1.0442375931322652,-1.1520969879723182,0.9949595557769549,-0.27694075318959127,1.2652138492474347,1
3.002312105511213,1.460545719054711,-1.6879825751457957,-1.4394347535252527,-0.5514506644986508,0
0.7377361059315136,0.3735760366961176,1.4129229799321819,-0.7821196809250832,-0.6893030424416877,1
0.18051006242198517,-1.6582465076920958,-1.7329789464732044,-1.6002965102441324,0.740482469745737,1
0.9718548167942359,1.8144124755345075,-0.547508533975351,-0.5848455864453459,0.6086147792665961,0
1.4770439668812836,-0.4626435222523671,0.06273885556972096,-1.1028974667597342,-0.5059277150924201,1
-1.4189096482053059,0.6306064799552322,-1.6234422925748255,0.2676751128026202,-0.08825754797224565,0
-0.9198024660833282,-1.351861485828873,0.8997904151035757,0.9890037538284909,1.3946187481478705,1
-0.36607366282667686,0.1680089537838917,-1.1228427793201716,-0.9341336159574701,-0.9956587847826814,0
-0.08085352777988641,0.005604952892715321,-0.16108455726846488,0.031016847328822903,-0.34313799749397944,0
-0.8853805799930993,-1.9751430362738964,1.9252785157643058,0.3711860798037849,1.3371074088321129,1
-0.8585046510325427,1.0277437403597809,2.3414126535976956,1.3700132871060218,1.0740498473611562,1
-1.4706417132658198,-1.1201432448613298,1.013079485350633,-0.6046168796157578,1.3655444240428396,1
-0.4113676107460051,-1.0814467857986425,-0.588429598640833,-2.3046421495257614,-0.7258917286010125,1
-1.6153956111365575,-1.2501988747293677,-0.7418199844915516,-0.13494127651193102,1.2633631753793975,1
-0.42414934647893315,-1.6173903857548184,-0.4847014933044085,-1.6836096958512756,0.6481995045685371,1
-2.166277474250628,-0.8037257230334338,-1.2241846552657651,-0.4114401874633116,-0.9413686223811366,0
-1.433924466485591,0.5715088113947765,0.09166212612497489,-0.13250984524351972,-1.7663538598558775,0
0.04893580101747343,0.954512072174261,-0.8944767578172446,1.6291018673571487,-0.244872542046188,0
1.5897843009612749,0.8418937047898631,-0.7785988252495466,-0.1121612226983781,-2.448549240457753,0
-2.202829306948833,0.41109783241301906,0.030431714996364257,0.2052097375400611,0.6845371136944828,0
0.06703647144325217,-1.8672152566142743,-0.33337204858778535,-0.5387509283101113,0.25470209658945225,1
-2.067166220669652,-0.42526433745434966,0.1536267670050158,0.5079107788205754,-0.6902860096216026,0
-0.3177218241364754,0.0745497002191887,1.5155462272406328,1.3895758168358383,1.057622762517019,1
0.4133706292022409,1.2278082242798098,0.3664261789035652,1.099427197622828,-0.07240412318236628,0
-0.09366831326165018,-0.3427630168766272,0.9636910229360691,-0.22056743876290769,-0.1300040445354954,1
-0.0820816970571562,1.0662073186369492,0.7606374110836849,-0.2112964913824143,0.6917222678134028,0
0.6461561195201289,0.3481792262035006,-0.4891472943149281,-1.1299080206380687,-1.3467811644593026,0
-0.6017158235171273,-1.9055855033252145,1.1622773902219594,0.6225033101815877,1.4116820276820197,1
-0.13369181132822391,-1.7143057490347162,-0.5803711613508317,-0.01746775382543839,0.9657163472834407,1
0.13641821352343525,0.2773606376558533,0.6745072775037259,0.7709291815899426,1.0270374471032253,1
-0.4187185899400313,0.25735524954111744,-0.12055088029593251,1.3044315975400251,-0.5758719999013596,0
0.23704711935712564,0.6524610849360744,0.7755604137051256,-1.1104885625575778,-0.28699509329323203,0
-0.4178036211494351,-0.5035424149594253,0.7561944419869796,-0.18615129402930083,0.48555553993463757,1
1.0743152332890655,-0.3622759810508119,0.39922612013263714,-0.2817533732404871,-0.05225833161987774,1
1.0431772190730988,-0.5311267342774766,0.008298854595515827,-0.8715489861579725,-0.5054995543059395,1
-2.0211400838338056,0.7295621907521918,-1.411265692933974,-1.359448269437786,0.7639252140020254,0
0.730689944650848,1.1251946149558936,1.0204472338290531,0.6893308698608289,-2.202345216954294,0
-0.7527028177672797,0.1033163442321268,-1.458693965035998,2.219330933806072,-1.2701559441784533,0
-0.18072775106110886,-0.9985256266023405,1.7198689054554452,0.10366692953445125,0.06481407319973424,1
-0.31554416507908756,0.5236125018831609,0.2906257862512763,-0.5256649189727531,0.18102930238989706,0
-0.019374458676236612,-1.5049258413668367,0.22559426356731077,-2.017265052187782,0.5991631284139537,1
1.6201842127232127,1.4678184205015776,2.51701490615746,1.9123498994748716,-0.13395172644906456,1
-0.5524374050312825,1.21402675487377,-0.436873484617755,-0.12679005332807497,0.6242278253095289,0
1.6620032828469542,0.46702054580863994,-0.9358799192156765,0.1361946634136496,-0.4878216989465306,0
-0.0345355900456237,-0.34127274247994616,-1.9196561551470175,-0.652148395529201,-0.5563875210469709,0
0.9367742183627676,0.39268613831013627,-0.06314536003850188,-0.43072986274009134,-2.326485263023508,0
0.628913576095817,0.8549677612346602,-1.0124330067306406,-1.1227758060121849,0.032603681171600854,0
-0.5173337492048925,-2.424688991987789,0.10990342165346757,1.4186162312578836,1.7399619077450117,1
-1.6089604645513942,0.018701650232706757,-0.2631651103993794,1.7864082216711397,0.1526217562628052,0
0.8448317383556012,1.176306142747133,-1.4256458895204667,-2.1894018986509014,-1.001004654540083,0
0.45164351562898053,0.9448790278072264,-1.3343188066900882,0.03179643916048074,0.9666691615820538,0
-2.4063116882779267,0.7773682472050149,-0.32235462808072496,1.0076922985583288,-0.040225488983281384,0
-0.45682345025003135,0.7075227253545764,-0.7182791948435234,1.1797383966610502,0.5602886794631334,0
1.5838248852221237,0.1604296130210488,0.3265366156142613,0.4722020102979874,0.41354328605024604,1
0.09549644737091467,0.7423285127835579,-0.0063220595619682286,0.5980049601186328,-2.090538937607681,0
0.649478619174621,1.1567990447158512,-0.28920458610466454,0.06395130850141897,-1.474351522124989,0
-0.06404159419692627,1.5175962722527803,-0.08103775194877533,0.3435450430474513,0.6120060745158884,0
-0.9601069663113636,0.611799169652649,-0.45137320395364283,0.4317217964545106,-1.6128776837217007,0
-3.1718875434494507,-2.727562496192658,0.04687027249093945,-0.47704045287826463,2.4405173982132844,1
-0.8055047798263308,-1.1649088118702244,0.25622905296566884,0.18878913531100933,1.6393182727216855,1
0.5021800485213501,-0.999723921215669,0.7965595224184386,-0.8269422774508863,0.6786203403393054,1
-0.17901801463686012,0.5496266865180924,-0.45675970724080145,-2.040082268300786,-0.8651747876123432,0
-0.832954406680831,0.6658869373936768,0.20352430751269648,0.3856325036867872,-0.3378677194866365,0
0.9812622463066867,0.5252289775159019,-1.3769727986447646,-1.6627315780166896,-0.9555770163411194,0
-0.9699346788427059,1.4287627060252033,0.13886628052128772,-0.7328575953536572,-0.5319551275904524,0
-0.2869968579530977,-1.4979793588267176,0.9908866534845766,-0.9484790751705071,1.2768902699299114,1
1.1081421501936148,0.43923292956034576,0.3878423456176998,0.22167220832855702,-0.7521566203736905,1
-0.24681651103452626,-0.4447039491840415,0.6308405226747794,0.2938278358035217,1.1895861294939984,1
0.6850584440456715,0.906707490335295,1.1370741040861467,0.6059848661599792,-0.38444687625263635,1
-1.2356097683947986,0.050647196826637576,-0.9089334898088571,-1.0298340352772013,-0.7148417988758391,0
-0.33757144459118005,0.34327428201529553,-1.7204665549477067,0.869062124186926,1.2138680701239015,0
-0.35064859766965023,-0.30093670865683736,-1.1895014192065392,0.5422579644144865,-0.29238336631722134,0
1.6189585889546374,-0.40061720315265337,0.6527119299060182,-0.7676629429507282,0.23571951896440002,1
0.17391363232354995,0.41496615679864635,1.0336079518905485,0.6878253907593987,1.047927600610535,1
-0.4652505886045243,0.04891822318074738,-0.4547322616191859,-0.47435295699659197,-1.4936038420190993,0
-0.6705346605096187,0.8191739154388858,0.443438125482524,1.2686795104867652,0.5738869546577419,0
0.2343567462138219,-0.9339645241730987,1.307099920989644,0.7905357756703993,0.8955199095348121,1
-0.8996688578874905,-1.2093624162182979,1.443577366752659,0.2086097353936933,1.3463124793877401,1
-0.6142287100251926,-0.6881144130608248,-0.3254403586935316,-0.75658865966015,0.44738967285970704,1
0.9982301763882523,1.626666990329234,-0.38448988580585236,0.6707014458760973,-0.25412460185768604,0
0.43714187121075715,1.2341364124286556,-0.054148058603053814,1.5918159074526872,-0.39120840877795515,0
0.4390544322029302,0.7932999025815394,-0.6229074508514167,1.1818245269401217,-0.9804808256260835,0
-0.11303526932633884,1.1131463556705616,0.33468298771292554,0.05355484002425661,-0.8695581641897008,0
-0.0020925557611596772,0.8718053743697577,-0.36630429225181965,0.3625883921818115,0.3208895336437027,0
0.22808704745966632,0.07694759383026505,0.5558503595370302,1.8875236014436407,1.2982543080767055,1
1.4075496149065665,0.3554833222197037,-1.547177745405643,0.07229035405610826,-1.1722260278476466,0
-0.00793576295872054,-0.2584934831161486,-0.44748752471108866,-1.90755254579362,0.20116205570408113,1
0.6845885654622973,1.2207685134742694,-1.2561362642808633,-0.6240073342406982,-0.6384276905117624,0
0.149370906628583,1.0009672041196644,0.2632631667991377,2.0166375973461914,-1.325834946170521,0
0.3107101317609444,0.44975027268821227,2.166515829807341,2.0263821756057023,0.7632358818629912,1
-0.61988854038558,0.4970982714793975,-1.2243903393411797,-0.5491101250574781,-0.09046408265588764,0
0.06751219087431516,1.7454548020928844,-0.4977609972837465,0.36447876629104314,0.6223548238856864,0
0.34301525253968496,-1.3732105554572063,0.31552937329634534,-2.4144909130358867,-0.7431376396979663,1
-0.6210626978575085,-0.5682388271194204,1.3720216042857498,-0.41999978752288075,0.8163531285937806,1
-0.5588834639964145,0.3966928383641729,-0.9319693748653441,0.707731467286971,0.2532730043512018,0
-1.3142112674282562,-0.15400079120800153,-0.39703002569986207,-0.6936445917215388,-0.9344090193232057,0
-1.2004753774482497,0.7342645674822784,-0.4187827725635619,2.1941882588872446,0.21284575759404648,0
-0.06507596662633716,-0.5242398450827193,-0.9802342809638673,-0.8782711126490984,1.1570890430734109,1
0.09339070092779145,-0.2823427464496992,0.7547463624175687,-0.008655862970754073,0.8490798101019791,1
1.5902000742160618,-1.0068784598867186,0.2533114920443872,-0.7340024544199196,-0.3718007743519188,1
0.5022872676796135,0.6752743415952865,-1.7138915188663044,-1.0715086701376872,-0.91661571236529,0
-0.5094117120161751,-0.3933032710248117,1.155677406623312,-0.6215962592188186,0.4433758518627395,1
-0.9722029946148761,0.47210868759473856,-1.2351774811257918,-1.7131961771205608,-0.23786112966352974,0
-0.6623040401550235,0.6681948806146207,-1.185344572844654,0.6903128056071821,0.9143365641748252,0
-0.28063913931745627,1.4200268878233633,0.3455807978161828,1.4486871516311395,-0.5909522481786503,0
0.5303139334879283,0.9732579865542922,-0.5041724445115283,0.49152055550988843,-0.14103105317797912,0
0.6470429835582698,-0.3433451255762979,-1.0337195197345626,-0.08922932118690079,-0.8910056703426535,0
1.9439301719572826,2.2405778714626847,0.32375182930652113,-0.4517346198169258,-0.4983739987941207,0
-0.9970705701962446,0.333829851512506,-1.7701491905327162,0.16176072481691153,-0.14580075704302548,0
-0.0856536738367418,-0.42446084133471573,-0.07643402957046652,-2.7391373115356856,-0.5858157220082124,1
-0.7411955120070262,-1.2003405643947653,1.5365070763356545,-0.43386581362877985,0.2780001454278445,1
0.06974544597900512,-1.0382942050193034,0.35470301198634985,-1.6977697099759324,-0.4732121243294539,1
-0.8873903187252574,-0.35168999166647547,1.89459150418402,1.9805805097685112,1.6654067673742448,1
0.21124826100799327,-1.8070271514790348,-1.2625465034384207,-1.1823361273786441,0.20707722688799238,1
-0.16645776138298188,0.4169586976304422,-0.7030093646178618,-1.8672263248472702,-1.1749725857427546,0
1.6064649291669069,-1.3418178532511136,0.5566793766338264,-0.4896985294229702,-0.6754855128853472,1
0.25141902485579487,-0.8698687925399106,1.25147271854572,0.5188274247920841,0.2135113903654149,1
0.25336226445278687,0.5694033575843996,-1.261492769541577,-0.07930836881844616,0.39872338674568736,0
-1.4165287180638024,-0.382483265136576,1.6839144847134757,1.1289976734223766,2.1487391886603957,1
-0.28553952457727966,0.17117625354833182,1.5805768731509653,-0.4266591055589024,0.9598539757736785,1
-0.6507365352957742,-0.18158152273937994,0.4509431841538606,0.3685539700815134,0.8221606985954405,1
-1.07880275850454,0.9683901345013557,-0.5008779190129793,0.08300193160413366,0.8221571574925776,0
-0.7402460016151272,0.7814550473052453,-0.7063981128259504,-1.2721947539920289,0.3863023991575296,0
1.0235166301525547,-2.2346427442215604,-0.6795010968628514,-1.7471819927838717,-1.1777635540584044,1
0.3540194319044592,1.3941530609858288,0.5352646775319635,0.3903331712590415,-0.7606476387873503,0
-0.7230290881227334,0.5596692434208795,0.4752766908940867,0.14715045151288808,-0.17833819450534213,0
-0.5692287895847425,-1.7122833776390485,1.1714999462539333,1.4920361950407557,1.5178841086746409,1
-0.24543731623599052,0.9132606232338172,-0.5232978419133757,-0.8126297128486911,0.15255937722103127,0
1.3585047804372044,1.648530422695743,-1.3561997769821292,0.4696756385518346,0.11381480499414114,0
